DO380	k8s	deploying	GE	10-15
DO380	k8s	deploying	Lecture	5-10
DO380	k8s	optimizing	GE	15-20
DO380	k8s	optimizing	Lecture	5-10
DO380	automation	resources	Lecture	10-15
DO380	automation	resources	GE	15-20
DO380	automation	scripts	GE	15-20
DO380	automation	scripts	Lecture	5-10
DO380	automation	rest	GE	10-15
DO380	automation	rest	Lecture	5-10
DO380	automation	ansible	Lecture	5-10
DO380	automation	ansible	GE	10-15
DO380	operators	overview	Quiz	5-10
DO380	operators	overview	Lecture	5
DO380	operators	install	Lecture	10-15
DO380	operators	install	GE	5-10
DO380	operators	cluster	Lecture	5
DO380	operators	cluster	GE	5-10
DO380	gitops	intro	Lecture	15-20
DO380	gitops	intro	Quiz	10-15
DO380	gitops	deploy	Lecture	15-20
DO380	gitops	deploy	GE	40-45
DO380	gitops	resources	Lecture	15-20
DO380	gitops	resources	GE	15-20
DO380	gitops	gitops	Lecture	25-30
DO380	gitops	gitops	GE	50-55
DO380	authentication	ldap	GE	15-20
DO380	authentication	ldap	Lecture	5-10
DO380	authentication	ldap	GE	5-10
DO380	authentication	ldap	Lecture	5-10
DO380	authentication	ldapsync	GE	15-20
DO380	authentication	ldapsync	Lecture	5-10
DO380	certificates	enterprise	Lecture	15-20
DO380	certificates	enterprise	GE	20-25
DO380	certificates	app	Lecture	5-10
DO380	certificates	app	GE	20-25
DO380	certificates	troubleshoot	Lecture	10-15
DO380	certificates	troubleshoot	GE	25-30
DO380	pools	adding	Lecture	5-10
DO380	pools	adding	GE	15-20
DO380	pools	creating	Lecture	10-15
DO380	pools	creating	GE	15-20
DO380	storage	overview	Quiz	5
DO380	storage	overview	Lecture	10-15
DO380	storage	file	Lecture	15-20
DO380	storage	file	GE	20-25
DO380	storage	block	Lecture	10-15
DO380	storage	block	GE	35-40
DO380	storage	local	GE	30-35
DO380	storage	local	Lecture	5-10
DO380	monitor	cmo	Quiz	5-10
DO380	monitor	cmo	Lecture	10-15
DO380	monitor	alerts	Lecture	5-10
DO380	monitor	alerts	GE	15-20
DO380	monitor	troubleshoot	Lecture	5-10
DO380	monitor	troubleshoot	GE	10-15
DO380	monitor	storage	GE	15-20
DO380	monitor	storage	Lecture	5-10
DO380	logging	deploying	GE	10-15
DO380	logging	deploying	Lecture	10-15
DO380	logging	querying	Lecture	5-10
DO380	logging	querying	GE	5-10
DO380	logging	visualizing	GE	10-15
DO380	logging	visualizing	Lecture	5-10
DO380	logging	diagnosing	GE	10-15
DO380	logging	diagnosing	Lecture	5-10
DO380	workers	degrade	Lecture	5-10
DO380	workers	degrade	GE	10-15
DO380	workers	capacity	GE	10-15
DO380	workers	capacity	Lecture	5
CL210	architecture	intro	Lecture	15-20
CL210	architecture	intro	GE	10-15
CL210	architecture	containerized	GE	5-10
CL210	architecture	containerized	Lecture	15-20
CL210	architecture	undercloud	Lecture	10-15
CL210	architecture	undercloud	GE	5-10
CL210	architecture	overcloud	GE	15-20
CL210	architecture	overcloud	Lecture	25-30
CL210	controlplane	controller	GE	10-15
CL210	controlplane	controller	Lecture	10-15
CL210	controlplane	communication	GE	10-15
CL210	controlplane	communication	Lecture	15-20
CL210	controlplane	backup	Lecture	10-15
CL210	controlplane	backup	GE	10-15
CL210	security	tls	Quiz	5-10
CL210	security	tls	Lecture	5-10
CL210	security	aide	GE	15-20
CL210	security	aide	Lecture	5-10
CL210	identity	domain	Lecture	20-25
CL210	identity	domain	GE	10-15
CL210	identity	fernet	Lecture	20-25
CL210	identity	fernet	GE	5-10
CL210	identity	project	GE	5-10
CL210	identity	project	Lecture	10-15
CL210	identity	roles	Lecture	5-10
CL210	identity	roles	GE	5-10
CL210	appdeploy	compare	Quiz	5
CL210	appdeploy	compare	Lecture	10-15
CL210	appdeploy	build	Lecture	10-15
CL210	appdeploy	build	GE	10-15
CL210	appdeploy	image	GE	20-25
CL210	appdeploy	image	Lecture	5-10
CL210	appdeploy	cloudinit	GE	5-10
CL210	appdeploy	cloudinit	Lecture	5-10
CL210	storage	block	GE	15-20
CL210	storage	block	Lecture	40-45
CL210	storage	object	GE	15-20
CL210	storage	object	Lecture	30-35
CL210	storage	systems	Lecture	15-20
CL210	storage	systems	GE	20-25
CL210	storage	ephemeral	GE	35-40
CL210	storage	ephemeral	Lecture	15-20
CL210	networking	provider	Lecture	10-15
CL210	networking	provider	GE	10-15
CL210	networking	ovn	GE	20-25
CL210	networking	ovn	Lecture	10-15
CL210	networking	provision	GE	5-10
CL210	networking	provision	Lecture	15-20
CL210	compute	launch	GE	15-20
CL210	compute	launch	Lecture	10-15
CL210	compute	hyperconverged	GE	5-10
CL210	compute	hyperconverged	Lecture	10-15
CL210	compute	admin	Lecture	15-20
CL210	compute	admin	GE	10-15
CL210	monitoring	stf	Lecture	20-25
CL210	automating	stacks	Quiz	5
CL210	automating	stacks	Lecture	10-15
CL210	automating	hot	Lecture	25-30
CL210	automating	hot	GE	15-20
CL210	automating	ansible	GE	15-20
CL210	automating	ansible	Lecture	15-20
CL210	troubleshoot	diagnostic	Lecture	25-30
CL210	troubleshoot	diagnostic	GE	10-15
CL210	troubleshoot	coreissues	Lecture	20-25
CL210	troubleshoot	coreissues	GE	20-25
CL210	comprehensive	lecture	Lecture	5-10
DO326	plan	benefit	Lecture	5
DO326	plan	benefit	Quiz	5-10
DO326	plan	intro	Quiz	5-10
DO326	plan	intro	Lecture	5-10
DO326	plan	review	Quiz	5-10
DO326	target	verify	GE	50-55
DO326	target	verify	Lecture	5-10
DO326	target	settings	Lecture	5
DO326	target	settings	GE	30-35
DO326	deploy	mtc	Quiz	10-15
DO326	deploy	mtc	Lecture	5-10
DO326	deploy	install	Lecture	10-15
DO326	deploy	install	Quiz	10-15
DO326	migrate	run	Lecture	10-15
DO326	migrate	run	GE	20-25
DO326	migrate	hooks	GE	25-30
DO326	migrate	hooks	Lecture	5-10
DO326	deps	limit	Lecture	5-10
DO326	deps	limit	GE	15-20
DO326	deps	debug	GE	20-25
DO326	deps	debug	Lecture	5-10
DO326	automate	api	GE	15-20
DO326	automate	api	Lecture	5-10
DO326	automate	ansible	GE	45-50
DO326	automate	ansible	Lecture	10-15
DO326	downtime	data	GE	45-50
DO326	downtime	data	Lecture	10-15
DO326	downtime	network	Lecture	10-15
DO326	downtime	network	GE	50-55
DO328	intro	labenv	GE	5-10
DO328	intro	concept	Lecture	5-10
DO328	intro	concept	Quiz	5-10
DO328	intro	arch	Lecture	5-10
DO328	intro	arch	Quiz	10-15
DO328	intro	credentials	GE	10-15
DO328	install	mesh	Lecture	5-10
DO328	install	mesh	GE	10-15
DO328	observe	jaeger	GE	45-50
DO328	observe	jaeger	Lecture	20-25
DO328	observe	metrics	Lecture	25-30
DO328	observe	metrics	GE	70-75
DO328	observe	kiali	Lecture	5-10
DO328	observe	kiali	GE	30-35
DO328	traffic	deploy	Lecture	10-15
DO328	traffic	deploy	GE	20-25
DO328	traffic	route	Lecture	5-10
DO328	traffic	route	GE	25-30
DO328	traffic	external	GE	15-20
DO328	traffic	external	Lecture	5-10
DO328	release	canary	Lecture	20-25
DO328	release	canary	GE	40-45
DO328	release	dark	GE	20-25
DO328	release	dark	Lecture	5-10
DO328	chaos	error	Lecture	5
DO328	chaos	error	GE	10-15
DO328	chaos	delay	Lecture	5
DO328	chaos	delay	GE	5-10
DO328	resilience	load	Quiz	5-10
DO328	resilience	load	Lecture	5-10
DO328	resilience	timeout	Lecture	5-10
DO328	resilience	timeout	GE	15-20
DO328	resilience	retry	Lecture	5-10
DO328	resilience	retry	GE	10-15
DO328	resilience	break	GE	15-20
DO328	resilience	break	Lecture	10-15
DO328	secure	citadel	Quiz	15-20
DO328	secure	citadel	Lecture	10-15
DO328	secure	mtls	Lecture	20-25
DO328	secure	mtls	GE	15-20
DO328	secure	authc	GE	20-25
DO328	secure	authc	Lecture	10-15
DO100	pod	setup	Lecture	5-10
DO100	pod	setup	GE	50-55
DO100	pod	setup	Lecture	5-10
DO100	pod	setup	GE	50-55
DO100	pod	kubectl	Lecture	10-15
DO100	pod	kubectl	GE	25-30
DO100	pod	kubectl	Lecture	10-15
DO100	pod	kubectl	GE	25-30
DO100	deploy	manage	Lecture	10-15
DO100	deploy	manage	GE	15-20
DO100	deploy	manage	Lecture	10-15
DO100	deploy	manage	GE	15-20
DO100	network	service	GE	15-20
DO100	network	service	Lecture	10-15
DO100	network	service	GE	15-20
DO100	network	service	Lecture	10-15
DO100	network	ingress	GE	15-20
DO100	network	ingress	Lecture	5-10
DO100	network	ingress	GE	15-20
DO100	network	ingress	Lecture	5-10
CL260	intro	personas	Lecture	5-10
CL260	intro	arch	GE	5-10
CL260	intro	arch	Lecture	20-25
CL260	intro	interface	GE	10-15
CL260	intro	interface	Lecture	5-10
CL260	deploy	deploy	Lecture	10-15
CL260	deploy	deploy	GE	10-15
CL260	deploy	expand	GE	10-15
CL260	deploy	expand	Lecture	5-10
CL260	configure	settings	Lecture	10-15
CL260	configure	settings	GE	15-20
CL260	configure	monitor	Lecture	10-15
CL260	configure	monitor	GE	5-10
CL260	configure	network	Lecture	10-15
CL260	configure	network	GE	10-15
CL260	component	osd	GE	20-25
CL260	component	osd	Lecture	20-25
CL260	component	pool	GE	20-25
CL260	component	pool	Lecture	20-25
CL260	component	auth	Lecture	20-25
CL260	component	auth	GE	10-15
CL260	map	crush	GE	20-25
CL260	map	crush	Lecture	35-40
CL260	map	osd	GE	10-15
CL260	map	osd	Lecture	5-10
CL260	block	devices	Lecture	15-20
CL260	block	devices	GE	25-30
CL260	block	snapshots	Lecture	10-15
CL260	block	snapshots	GE	15-20
CL260	block	import	GE	25-30
CL260	block	import	Lecture	5-10
CL260	mirror	mirrors	GE	25-30
CL260	mirror	mirrors	Lecture	10-15
CL260	mirror	iscsi	Quiz	5-10
CL260	mirror	iscsi	Lecture	10-15
CL260	object	radosgw	Lecture	15-20
CL260	object	radosgw	GE	10-15
CL260	object	multisite	Lecture	20-25
CL260	object	multisite	GE	15-20
CL260	api	s3	GE	5-10
CL260	api	s3	Lecture	15-20
CL260	api	swift	GE	5-10
CL260	api	swift	Lecture	10-15
CL260	fileshare	deploy	Lecture	35-40
CL260	fileshare	deploy	GE	20-25
CL260	fileshare	manage	Lecture	15-20
CL260	fileshare	manage	GE	20-25
CL260	cluster	admin	Lecture	45-50
CL260	cluster	admin	GE	15-20
CL260	cluster	maint	Lecture	15-20
CL260	cluster	maint	GE	15-20
CL260	tuning	optimize	Lecture	25-30
CL260	tuning	optimize	GE	25-30
CL260	tuning	perf	GE	10-15
CL260	tuning	perf	Lecture	15-20
CL260	tuning	troubleshoot	Lecture	35-40
CL260	tuning	troubleshoot	GE	10-15
CL260	cloud	openstackarch	Quiz	5-10
CL260	cloud	openstackarch	Lecture	20-25
CL260	cloud	openstackstorage	Quiz	5-10
CL260	cloud	openstackstorage	Lecture	10-15
CL260	cloud	openshiftarch	Lecture	15-20
CL260	cloud	openshiftarch	Quiz	5-10
CL260	cloud	openshiftstorage	Quiz	5-10
CL260	cloud	openshiftstorage	Lecture	15-20
DO101	devenv	vscode	GE	10-15
DO101	devenv	vscode	Lecture	15-20
DO101	devenv	git	Lecture	25-30
DO101	devenv	git	GE	30-35
DO101	devenv	versioning	GE	20-25
DO101	devenv	versioning	Lecture	25-30
DO101	deploy	app	Lecture	10-15
DO101	deploy	app	GE	10-15
DO101	application	update	GE	35-40
DO101	application	update	Lecture	5-10
DO101	application	secrets	GE	35-40
DO101	application	secrets	Lecture	5-10
DO101	application	database	Lecture	5-10
DO101	application	database	GE	30-35
DO101	scale	app	Lecture	5-10
DO101	scale	app	GE	30-35
DO101	troubleshoot	app	Lecture	10-15
DO101	troubleshoot	app	GE	30-35
DO480	multicluster	intro	Lecture	10-15
DO480	multicluster	acm	GE	20-25
DO480	multicluster	acm	Lecture	10-15
CL110	intro	personas	Lecture	10-15
CL110	intro	launching	Lecture	10-15
CL110	intro	launching	GE	20-25
CL110	intro	services	Lecture	15-20
CL110	intro	services	GE	5-10
CL110	intro	overcloud	Quiz	5-10
CL110	intro	overcloud	Lecture	5-10
CL110	project	purpose	Lecture	15-20
CL110	project	purpose	GE	15-20
CL110	project	access	GE	15-20
CL110	project	access	Lecture	20-25
CL110	project	quotas	GE	15-20
CL110	project	quotas	Lecture	5-10
CL110	networking	tcpip	Lecture	20-25
CL110	networking	sdn	Lecture	15-20
CL110	networking	types	Lecture	15-20
CL110	networking	types	GE	15-20
CL110	nonpublic	flavor	Lecture	30-35
CL110	nonpublic	flavor	GE	15-20
CL110	nonpublic	networks	GE	10-15
CL110	nonpublic	networks	Lecture	5-10
CL110	nonpublic	launch	GE	10-15
CL110	nonpublic	launch	Lecture	5-10
CL110	vmdisks	ephemeral	GE	15-20
CL110	vmdisks	ephemeral	Lecture	15-20
CL110	vmdisks	persistent	GE	20-25
CL110	vmdisks	persistent	Lecture	10-15
CL110	vmdisks	volumes	GE	35-40
CL110	vmdisks	volumes	Lecture	10-15
CL110	storage	objects	Lecture	20-25
CL110	storage	objects	GE	15-20
CL110	storage	compare	GE	10-15
CL110	storage	compare	Lecture	10-15
CL110	storage	nfs	Lecture	15-20
CL110	storage	nfs	GE	20-25
CL110	public	networks	GE	5-10
CL110	public	networks	Lecture	5-10
CL110	public	routers	GE	25-30
CL110	public	routers	Lecture	15-20
CL110	public	access	GE	10-15
CL110	public	access	Lecture	20-25
CL110	public	launch	GE	10-15
CL110	public	launch	Lecture	20-25
CL110	cloudapps	cloudinit	GE	15-20
CL110	cloudapps	cloudinit	Lecture	5-10
CL110	cloudapps	architecture	Lecture	25-30
CL110	cloudapps	architecture	Quiz	10-15
CL110	cloudapps	stack	Lecture	10-15
CL110	cloudapps	stack	GE	5-10
CL110	placement	overcloud	Quiz	5-10
CL110	placement	overcloud	Lecture	25-30
CL110	placement	service	Lecture	10-15
CL110	placement	service	Quiz	10-15
DO250	intro	mobius	Quiz	15-20
DO250	intro	mobius	Lecture	10-15
DO250	intro	visualize	Lecture	5-10
DO250	intro	visualize	Quiz	10-15
DO250	intro	facilitate	Quiz	5-10
DO250	intro	facilitate	Lecture	20-25
DO250	team	forming	Lecture	10-15
DO250	team	forming	Quiz	10-15
DO250	team	contract	Lecture	5-10
DO250	team	contract	Quiz	15-20
DO250	team	retros	Quiz	5-10
DO250	team	retros	Lecture	15-20
DO250	tech	cicd	Quiz	10-15
DO250	tech	cicd	Lecture	10-15
DO250	tech	ascode	Lecture	10-15
DO250	tech	ascode	Quiz	10-15
DO250	tech	security	Lecture	10-15
DO250	tech	bigpicture	Quiz	5-10
DO250	tech	bigpicture	Lecture	10-15
DO250	discovery	mbpm	Quiz	20-25
DO250	discovery	mbpm	Lecture	15-20
DO250	discovery	outcomes	Lecture	10-15
DO250	discovery	outcomes	Quiz	10-15
DO250	discovery	sliders	Quiz	10-15
DO250	discovery	sliders	Lecture	15-20
DO250	options	prioritize	Quiz	5-10
DO250	options	prioritize	Lecture	10-15
DO250	options	slicing	Lecture	10-15
DO250	options	slicing	Quiz	10-15
DO250	delivery	ceremony	Lecture	20-25
DO250	delivery	ceremony	Quiz	5-10
DO250	delivery	kanban	Quiz	10-15
DO250	delivery	kanban	Lecture	15-20
AD364	start	automation	Lecture	5-10
AD364	start	automation	Quiz	10-15
AD364	start	decision	Lecture	5-10
AD364	start	decision	Quiz	10-15
AD364	bc	rules	Lecture	15-20
AD364	bc	rules	Quiz	10-15
AD364	bc	grules	Lecture	10-15
AD364	bc	grules	GE	15-20
AD364	bc	tables	GE	25-30
AD364	bc	tables	Lecture	10-15
AD364	bc	testing	GE	10-15
AD364	bc	testing	Lecture	10-15
AD364	drl	rule	Quiz	5-10
AD364	drl	rule	Lecture	5
AD364	drl	rule	GE	15-20
AD364	drl	rule	Lecture	15-20
AD364	drl	advrule	Lecture	30-35
AD364	drl	rulebc	Lecture	5
AD364	drl	rulebc	GE	15-20
AD364	drl	backward	GE	15-20
AD364	drl	backward	Lecture	15-20
AD364	integrate	kie	Lecture	5-10
AD364	integrate	kie	GE	15-20
AD364	integrate	rest	Lecture	5-10
AD364	integrate	rest	GE	10-15
AD364	flow	conflict	GE	20-25
AD364	flow	conflict	Lecture	15-20
AD364	flow	optimize	Lecture	5-10
AD364	flow	optimize	GE	15-20
AD364	dmn	learn	Quiz	10-15
AD364	dmn	learn	Lecture	5-10
AD364	dmn	feel	GE	15-20
AD364	dmn	feel	Lecture	5-10
AD364	dmn	functions	Lecture	15-20
AD364	dmn	functions	GE	30-35
AD364	dmn	integrate	GE	10-15
AD364	dmn	integrate	Lecture	5-10
AD364	cep	event	GE	20-25
AD364	cep	event	Lecture	25-30
DO400	intro	concept	Lecture	10-15
DO400	intro	concept	Quiz	5-10
DO400	intro	features	Quiz	10-15
DO400	intro	features	Lecture	10-15
DO400	intro	setup	GE	50-55
DO400	vcs	introduction	Lecture	5-10
DO400	vcs	introduction	Quiz	5-10
DO400	vcs	git	Lecture	10-15
DO400	vcs	git	GE	25-30
DO400	vcs	branches	Lecture	15-20
DO400	vcs	branches	GE	25-30
DO400	vcs	remote	Lecture	25-30
DO400	vcs	remote	GE	30-35
DO400	vcs	release	GE	35-40
DO400	vcs	release	Lecture	15-20
DO400	testing	pyramid	Lecture	15-20
DO400	testing	pyramid	Quiz	10-15
DO400	testing	unit	GE	35-40
DO400	testing	unit	Lecture	10-15
DO400	testing	integration	GE	25-30
DO400	testing	integration	Lecture	10-15
DO400	testing	functional	GE	15-20
DO400	testing	functional	Lecture	10-15
DO400	tdd	introduction	GE	40-45
DO400	tdd	introduction	Lecture	5-10
DO400	tdd	patterns	Lecture	10-15
DO400	tdd	patterns	Quiz	20-25
DO400	tdd	quality	Lecture	15-20
DO400	tdd	quality	GE	35-40
DO400	pipelines	basics	GE	20-25
DO400	pipelines	basics	Lecture	15-20
DO400	pipelines	scripted	Lecture	10-15
DO400	pipelines	scripted	GE	25-30
DO400	pipelines	control	GE	50-55
DO400	pipelines	control	Lecture	15-20
DO400	deploying	images	GE	45-50
DO400	deploying	images	Lecture	10-15
DO400	deploying	environments	GE	50-55
DO400	deploying	environments	Lecture	10-15
DO400	deploying	strategies	GE	25-30
DO400	deploying	strategies	Lecture	10-15
DO400	deploying	automation	Lecture	10-15
DO400	deploying	automation	GE	10-15
DO400	managing	devsecops	Lecture	5-10
DO400	managing	devsecops	GE	30-35
DO400	managing	scans	GE	25-30
DO400	managing	scans	Lecture	5-10
DO400	managing	metrics	Lecture	5-10
DO400	managing	metrics	GE	40-45
DO400	managing	notifications	Lecture	5-10
DO400	managing	notifications	GE	30-35
DO400	managing	troubleshoot	Lecture	10-15
DO400	managing	troubleshoot	GE	45-50
RES123	plan	benefit	Quiz	5-10
RES123	plan	intro	Lecture	5
RES123	deploy	install	Lecture	5
DO370	internal	intro	Quiz	10-15
DO370	internal	intro	Lecture	10-15
DO370	internal	gui	GE	20-25
DO370	internal	gui	Lecture	10-15
DO370	internal	cli	Lecture	5-10
DO370	internal	cli	GE	25-30
DO370	services	classes	Lecture	5-10
DO370	services	registry	GE	30-35
DO370	services	registry	Lecture	5-10
DO370	services	monitoring	Lecture	5-10
DO370	services	monitoring	GE	10-15
DO370	workloads	ceph	Lecture	5-10
DO370	workloads	ceph	GE	10-15
DO370	workloads	file	GE	20-25
DO370	workloads	file	Lecture	5-10
DO370	workloads	block	GE	20-25
DO370	workloads	block	Lecture	5-10
DO370	workloads	classes	GE	20-25
DO370	workloads	classes	Lecture	5-10
DO370	capacity	monitoring	Lecture	5
DO370	capacity	monitoring	GE	5-10
DO370	capacity	quotas	GE	10-15
DO370	capacity	quotas	Lecture	10-15
DO370	capacity	extend	Lecture	5-10
DO370	capacity	extend	GE	15-20
DO370	capacity	disk	Lecture	5-10
DO370	capacity	disk	GE	10-15
DO370	backup	concepts	Lecture	5-10
DO370	backup	concepts	Quiz	5-10
DO370	backup	application	Lecture	5-10
DO370	backup	application	GE	10-15
DO370	backup	volume	GE	15-20
DO370	backup	volume	Lecture	5-10
DO370	object	define	GE	15-20
DO370	object	define	Lecture	5-10
DO370	object	obc	Lecture	10-15
DO370	object	obc	GE	25-30
DO370	object	configure	Lecture	5
DO370	object	configure	GE	15-20
DO370	object	monitor	Lecture	5
DO370	object	monitor	GE	15-20
AD482	eda	principles	Quiz	5-10
AD482	eda	principles	Lecture	15-20
AD482	eda	setup	GE	20-25
AD482	kafka	features	Quiz	5-10
AD482	kafka	features	Lecture	5-10
AD482	kafka	arch	Lecture	10-15
AD482	kafka	arch	Quiz	10-15
AD482	kafka	topics	Lecture	15-20
AD482	kafka	topics	GE	15-20
AD482	kafka	producers	Lecture	20-25
AD482	kafka	producers	GE	25-30
AD482	kafka	consumers	GE	20-25
AD482	kafka	consumers	Lecture	15-20
AD482	kafka	schemas	GE	20-25
AD482	kafka	schemas	Lecture	10-15
AD482	streams	interaction	GE	20-25
AD482	streams	interaction	Lecture	15-20
AD482	streams	architecture	Lecture	15-20
AD482	streams	architecture	Quiz	10-15
AD482	streams	data	GE	20-25
AD482	streams	data	Lecture	15-20
AD482	collaboration	stateless	Lecture	10-15
AD482	collaboration	stateless	GE	30-35
AD482	collaboration	stateful	Lecture	25-30
AD482	collaboration	stateful	GE	20-25
AD482	collaboration	partition	Lecture	5-10
AD482	collaboration	partition	GE	20-25
AD482	connect	cluster	GE	15-20
AD482	connect	cluster	Lecture	15-20
AD482	connect	connectors	GE	20-25
AD482	connect	connectors	Lecture	10-15
AD482	connect	transformation	GE	20-25
AD482	connect	transformation	Lecture	5-10
AD482	connect	debezium	Lecture	15-20
AD482	connect	debezium	GE	15-20
AD482	troubleshooting	order	Lecture	15-20
AD482	troubleshooting	order	GE	15-20
AD482	troubleshooting	retries	GE	20-25
AD482	troubleshooting	retries	Lecture	10-15
AD482	troubleshooting	duplication	Lecture	15-20
AD482	troubleshooting	duplication	GE	25-30
AD482	troubleshooting	test	GE	15-20
AD482	troubleshooting	test	Lecture	15-20
DO322	process	intro	Quiz	5-10
DO322	process	intro	Lecture	40-45
DO322	process	intro	Quiz	5-10
DO322	process	intro	Lecture	40-45
DO322	process	installer	Lecture	60-65
DO322	process	installer	Quiz	5-10
DO322	process	installer	GE	30-35
DO322	process	installer	Lecture	60-65
DO322	process	installer	Quiz	5-10
DO322	process	installer	GE	30-35
DO322	process	hosted	Quiz	5-10
DO322	process	hosted	Lecture	5-10
DO322	process	hosted	Quiz	5-10
DO322	process	hosted	Lecture	5-10
DO322	process	review	Quiz	5-10
DO322	process	review	Quiz	5-10
DO322	cloud	intro	Quiz	5-10
DO322	cloud	intro	Lecture	30-35
DO322	cloud	intro	Quiz	5-10
DO322	cloud	intro	Lecture	30-35
DO322	cloud	prepare	Lecture	25-30
DO322	cloud	prepare	Quiz	5-10
DO322	cloud	prepare	Lecture	25-30
DO322	cloud	prepare	Quiz	5-10
DO322	cloud	install	Lecture	25-30
DO322	cloud	install	Quiz	10-15
DO322	cloud	install	Lecture	25-30
DO322	cloud	install	Quiz	10-15
DO322	cloud	verify	Quiz	5-10
DO322	cloud	verify	Lecture	25-30
DO322	cloud	verify	Quiz	5-10
DO322	cloud	verify	Lecture	25-30
DO322	cloud	review	Quiz	10-15
DO322	cloud	review	Quiz	10-15
DO322	virtual	hypervisor	Quiz	5-10
DO322	virtual	hypervisor	Lecture	15-20
DO322	virtual	hypervisor	Quiz	5-10
DO322	virtual	hypervisor	Lecture	15-20
DO322	virtual	vsphere	Lecture	10-15
DO322	virtual	vsphere	Quiz	5-10
DO322	virtual	vsphere	Lecture	15-20
DO322	virtual	vsphere	Quiz	5-10
DO322	virtual	vsphere	Lecture	10-15
DO322	virtual	vsphere	Quiz	5-10
DO322	virtual	vsphere	Lecture	15-20
DO322	virtual	vsphere	Quiz	5-10
DO322	virtual	review	Quiz	10-15
DO322	virtual	review	Quiz	10-15
DO322	plan	noprovider	Lecture	5
DO322	plan	noprovider	Quiz	5-10
DO322	plan	noprovider	Lecture	5
DO322	plan	noprovider	Quiz	5-10
DO322	plan	services	Lecture	10-15
DO322	plan	services	GE	35-40
DO322	plan	services	Lecture	10-15
DO322	plan	services	GE	35-40
DO322	plan	review	Quiz	5-10
DO322	plan	review	Quiz	5-10
DO322	install	perform	GE	25-30
DO322	install	perform	Lecture	10-15
DO322	install	perform	GE	25-30
DO322	install	perform	Lecture	10-15
DO322	install	review	Quiz	10-15
DO322	install	review	Quiz	10-15
DO322	complete	day1day2	GE	25-30
DO322	complete	day1day2	Lecture	5
DO322	complete	day1day2	GE	25-30
DO322	complete	day1day2	Lecture	5
DO322	complete	backupetcd	Lecture	5
DO322	complete	backupetcd	GE	25-30
DO322	complete	backupetcd	Lecture	5
DO322	complete	backupetcd	GE	25-30
DO322	complete	review	Quiz	5-10
DO322	complete	review	Quiz	5-10
DO378	start	microservices	Quiz	10-15
DO378	start	microservices	Lecture	15-20
DO378	start	architecture	Lecture	15-20
DO378	start	architecture	Quiz	10-15
DO378	start	credentials	GE	10-15
DO378	implement	runtime	Quiz	5-10
DO378	implement	runtime	Lecture	10-15
DO378	implement	rest	Lecture	20-25
DO378	implement	rest	GE	20-25
DO378	implement	persist	GE	25-30
DO378	implement	persist	Lecture	10-15
DO378	deploy	microservicesapp	GE	15-20
DO378	deploy	microservicesapp	Lecture	5-10
DO378	deploy	service	GE	20-25
DO378	deploy	service	Lecture	15-20
DO378	deploy	openshift	GE	5-10
DO378	deploy	openshift	Lecture	15-20
DO378	apps	inject	Lecture	15-20
DO378	apps	inject	GE	25-30
DO378	apps	feature	Lecture	5-10
DO378	apps	feature	GE	10-15
DO378	apps	connect	GE	45-50
DO378	apps	connect	Lecture	10-15
DO378	tolerance	policies	GE	25-30
DO378	tolerance	policies	Lecture	15-20
DO378	tolerance	health	GE	15-20
DO378	tolerance	health	Lecture	5-10
DO378	native	build	Lecture	15-20
DO378	native	build	GE	10-15
DO378	native	container	GE	10-15
DO378	native	container	Lecture	5-10
DO378	test	junit	Lecture	10-15
DO378	test	junit	GE	20-25
DO378	test	mock	GE	15-20
DO378	test	mock	Lecture	15-20
DO378	secure	tls	GE	30-35
DO378	secure	tls	Lecture	15-20
DO378	secure	jwt	GE	20-25
DO378	secure	jwt	Lecture	15-20
DO378	monitor	metrics	Lecture	10-15
DO378	monitor	metrics	GE	15-20
DO378	monitor	trace	Lecture	15-20
DO378	monitor	trace	GE	15-20
RH342	strategy	scientificmethod	Lecture	10-15
RH342	strategy	scientificmethod	GE	15-20
RH342	strategy	collectinginfo	GE	15-20
RH342	strategy	collectinginfo	Lecture	15-20
RH342	strategy	redhatresources	Lecture	15-20
RH342	strategy	redhatresources	GE	10-15
RH342	baseline	monitoring	Lecture	10-15
RH342	baseline	monitoring	GE	10-15
RH342	baseline	remotelogging	Lecture	15-20
RH342	baseline	remotelogging	GE	10-15
RH342	baseline	configmanagement	Lecture	10-15
RH342	baseline	configmanagement	GE	10-15
RH342	baseline	changetracking	GE	20-25
RH342	baseline	changetracking	Lecture	20-25
RH342	boot	biosgrub	GE	5-10
RH342	boot	biosgrub	Lecture	15-20
RH342	boot	biosefi	Lecture	15-20
RH342	boot	biosefi	Quiz	5
RH342	boot	failingservices	GE	10-15
RH342	boot	failingservices	Lecture	5-10
RH342	boot	rootpw	GE	10-15
RH342	boot	rootpw	Lecture	5-10
RH342	hardware	identify	GE	10-15
RH342	hardware	identify	Lecture	10-15
RH342	hardware	kernelmodules	Lecture	5-10
RH342	hardware	kernelmodules	GE	5-10
RH342	hardware	virtualization	Lecture	10-15
RH342	hardware	virtualization	GE	5-10
RH342	storage	overview	GE	10-15
RH342	storage	overview	Lecture	15-20
RH342	storage	filesystem	GE	10-15
RH342	storage	filesystem	Lecture	15-20
RH342	storage	lvm	Lecture	5-10
RH342	storage	lvm	GE	10-15
RH342	storage	luks	Lecture	10-15
RH342	storage	luks	GE	10-15
RH342	storage	iscsi	GE	10-15
RH342	storage	iscsi	Lecture	15-20
RH342	rpm	dependency	Lecture	10-15
RH342	rpm	dependency	GE	10-15
RH342	rpm	rpmdb	Lecture	5-10
RH342	rpm	rpmdb	GE	10-15
RH342	rpm	changedfiles	GE	15-20
RH342	rpm	changedfiles	Lecture	5-10
RH342	rpm	subscription	Lecture	15-20
RH342	network	testing	GE	20-25
RH342	network	testing	Lecture	20-25
RH342	network	resolving	GE	20-25
RH342	network	resolving	Lecture	20-25
RH342	network	traffic	GE	20-25
RH342	network	traffic	Lecture	10-15
RH342	application	dependencies	GE	10-15
RH342	application	dependencies	Lecture	10-15
RH342	application	memoryleaks	Lecture	5
RH342	application	memoryleaks	GE	5-10
RH342	application	debugging	Lecture	10-15
RH342	application	debugging	GE	10-15
RH342	application	container	GE	10-15
RH342	application	container	Lecture	15-20
RH342	security	selinux	Lecture	15-20
RH342	security	selinux	GE	5-10
RH342	security	authentation	Lecture	5-10
RH342	security	authentication	GE	10-15
RH342	security	ldap	GE	15-20
RH342	security	ldap	Lecture	10-15
RH342	kernel	crashdump	Lecture	30-35
RH342	kernel	crashdump	GE	10-15
RH342	kernel	systemtap	GE	10-15
RH342	kernel	systemtap	Lecture	10-15
TL112	intro	sre	Quiz	15-20
TL112	intro	sre	Lecture	5-10
TL112	intro	history	Lecture	5-10
TL112	ready	readiness	Quiz	5-10
TL112	ready	readiness	Lecture	15-20
TL112	ready	journey	Lecture	15-20
TL112	ready	change	Lecture	25-30
TL112	toil	toil	Lecture	5-10
TL112	toil	automate	Lecture	10-15
TL112	toil	automate	Quiz	5-10
TL112	toil	costs	Lecture	10-15
TL112	budget	budget	Lecture	5-10
TL112	budget	establish	Quiz	5-10
TL112	budget	establish	Lecture	5-10
TL112	incident	intro	Lecture	5
TL112	incident	managing	Lecture	5
TL112	incident	postmortem	Lecture	5
DO280	architecture	features	Quiz	15-20
DO280	architecture	features	Lecture	10-15
DO280	architecture	architecture	Lecture	5-10
DO280	architecture	architecture	Quiz	5-10
DO280	architecture	operators	Lecture	5-10
DO280	install	methods	Lecture	5-10
DO280	install	methods	Quiz	5-10
DO280	install	troubleshoot	Lecture	25-30
DO280	install	troubleshoot	GE	20-25
DO280	install	storage	Lecture	10-15
DO280	install	storage	GE	15-20
DO280	auth	providers	GE	35-40
DO280	auth	providers	Lecture	20-25
DO280	auth	rbac	GE	15-20
DO280	auth	rbac	Lecture	10-15
DO280	authorization	secrets	GE	20-25
DO280	authorization	secrets	Lecture	15-20
DO280	authorization	scc	Lecture	5-10
DO280	authorization	scc	GE	10-15
DO280	network	sdn	Lecture	15-20
DO280	network	sdn	GE	30-35
DO280	network	ingress	GE	35-40
DO280	network	ingress	Lecture	15-20
DO280	network	policy	GE	30-35
DO280	network	policy	Lecture	5-10
DO280	schedule	pods	Lecture	20-25
DO280	schedule	pods	GE	20-25
DO280	schedule	limit	Lecture	15-20
DO280	schedule	limit	GE	40-45
DO280	schedule	scale	Lecture	10-15
DO280	schedule	scale	GE	25-30
DO280	update	cluster	Quiz	10-15
DO280	update	cluster	Lecture	20-25
DO280	console	admin	Lecture	5-10
DO280	console	admin	GE	25-30
DO280	console	workloads	Lecture	5-10
DO280	console	workloads	GE	25-30
DO280	console	metrics	Lecture	5-10
DO280	console	metrics	GE	20-25
